id,neg,neu,pos,compound,date,renderedContent,likeCount,retweetCount,replyCount,inReplyToTweetId,hashtags
1644374392775004160,0.0,1.0,0.0,0.0,2023-04-07 16:19:40+00:00,"Last year\, I was hearing all #SharkTankIndia talks in Indian cafe and now it‚Äôs all about #ChatGPT   Talks and Trends move ON.!  @OpenAI #AI @sharktankindia #Trending",0,0,0,,"['SharkTankIndia', 'ChatGPT', 'AI', 'Trending']"
1644374378032041985,0.17,0.83,0.0,-0.4404,2023-04-07 16:19:37+00:00,Stop shaking your phones ‚Äì this is why it makes a rattling sound dlvr.it/Sm87FJ #digitalhealth #socialmedia #digitalmarketing #healthtech #industry40 #IoT #mhealth #AI https://t.co/pVTEORFX0T,0,0,0,,"['digitalhealth', 'socialmedia', 'digitalmarketing', 'healthtech', 'industry40', 'IoT', 'mhealth', 'AI']"
1644374372306800642,0.197,0.803,0.0,-0.6341,2023-04-07 16:19:36+00:00,i think chat gpt is getting dumb day by day !!!  is it only me thinking this  #ChatGPT  #OpenAI,0,0,0,,"['ChatGPT', 'OpenAI']"
1644374368678739974,0.124,0.876,0.0,-0.34,2023-04-07 16:19:35+00:00,YouTube isn‚Äôt warning some viewers about incoming ads dlvr.it/Sm87BP #digitalhealth #socialmedia #digitalmarketing #industry40 #IoT #mhealth #AI #healthtech https://t.co/85Iv1uFTF9,0,0,0,,"['digitalhealth', 'socialmedia', 'digitalmarketing', 'industry40', 'IoT', 'mhealth', 'AI', 'healthtech']"
1644374337464442881,0.0,0.747,0.253,0.8587,2023-04-07 16:19:27+00:00,In my dream last night I was amazing at playing piano and singing (I‚Äôm average IRL). But in the dream the lyrics and music were more like something AI generates. Makes me wonder more about simulation theory. #AI #Consciousness #UFOTwitter,0,0,0,,"['AI', 'Consciousness', 'UFOTwitter']"
1644374301674467329,0.0,0.921,0.079,0.2023,2023-04-07 16:19:19+00:00,This is why Adobe Firefly is going to come out on top when all is said and done. #AI #GenerativeAI #AIArtwork  arstechnica.com/tech-policy/20‚Ä¶,0,0,0,,"['AI', 'GenerativeAI', 'AIArtwork']"
1644374301309800448,0.0,0.66,0.34,0.8316,2023-04-07 16:19:19+00:00,"To solve human verification loop on ChatGPT: clear cache/cookies\, use different browser/device\, watch bypass tutorial or contact OpenAI support for help. #ChatGPT  openaimaster.com/chatgpt-verify‚Ä¶",0,0,0,,['ChatGPT']
1644374262277369857,0.0,1.0,0.0,0.0,2023-04-07 16:19:09+00:00,Working with Adaboost part1(Machine Learning) medium.com/@monocosmo77/w‚Ä¶ #AI #MachineLearning #DataScience #ArtificialIntelligence  Trending AI/ML Article Identified &amp; Digested via Granola; a Machine-Driven RSS Bot by Ramsey Elbasheer https://t.co/k63VwGY1fy,1,1,0,,"['AI', 'MachineLearning', 'DataScience', 'ArtificialIntelligence']"
1644374231059136521,0.0,1.0,0.0,0.0,2023-04-07 16:19:02+00:00,#GenerativeAI Timeline: 9 Decades of Notable Milestones  #GAI #marketers #CustomerExperience #CX #ArtificialGeneralIntelligence #AGI¬†¬† #ArtificialIntelligence¬†#AI #ML #MachineLearning #DeepLearning #DL #Tech #Technology¬†#Algorithm¬†#Data #NeuralNetwork   buff.ly/3KB0nyx https://t.co/C4hT9pTM1k,1,0,0,,"['GenerativeAI', 'GAI', 'marketers', 'CustomerExperience', 'CX', 'ArtificialGeneralIntelligence', 'AGI', 'ArtificialIntelligence', 'AI', 'ML', 'MachineLearning', 'DeepLearning', 'DL', 'Tech', 'Technology', 'Algorithm', 'Data', 'NeuralNetwork']"
1644374219977900033,0.0,0.757,0.243,0.8126,2023-04-07 16:18:59+00:00,Another fascinating conversation on #AI #alignment. Thinking in terms of an entity in a box seeing the outside as super slow is so insightful. youtube.com/watch?v=AaTRHF‚Ä¶ @lexfridman,2,0,0,,"['AI', 'alignment']"
1644374187677716480,0.245,0.755,0.0,-0.8439,2023-04-07 16:18:51+00:00,"Fight fake news with FactCheckAI\, the @OpenAI API based fake news detection checker! Built with @nuxt_js  @tailwindcss \, @typescript\, and @vercel. Try it here:  bit.ly/4399zS4  #OpenAI #FakeNews #Nuxt3  #ChatGPT #FACTCHECK https://t.co/FWdm4RPYmm",0,0,0,,"['OpenAI', 'FakeNews', 'Nuxt3', 'ChatGPT', 'FACTCHECK']"
1644374180190666754,0.0,0.824,0.176,0.5994,2023-04-07 16:18:50+00:00,"Faith of the Fungi\, a new religion for #trans folks. Brought to you by the new mystic\, #AI.  The essence and energy of the creator. https://t.co/TVSmvmOVby",1,0,0,,"['trans', 'AI']"
1644374116915466241,0.0,0.954,0.046,0.1036,2023-04-07 16:18:35+00:00,@WallStreetSilv I use #chatgpt  for my tasks  it has almost increased my productivity by 3 or 4 times  but its a bit buggy  where  I have to make some minor tweaks  to be fully functional.,0,0,0,1.64411169917841e+18,['chatgpt']
1644374069092007937,0.0,1.0,0.0,0.0,2023-04-07 16:18:23+00:00,A.I Art Work 15327 000003.3761208865 #aiart #art #aai #digitalart #artificialintelligence #machinelearning #aiartcommunity #aiartists #neuralnetworks #ganart #neuralnetworkart #modernart #stylegan #abstract #artist #nftart #scifi #aiartcommunity #midjourney #ai #abstractart https://t.co/OXCyCVWOvi,1,0,0,,"['aiart', 'art', 'aai', 'digitalart', 'artificialintelligence', 'machinelearning', 'aiartcommunity', 'aiartists', 'neuralnetworks', 'ganart', 'neuralnetworkart', 'modernart', 'stylegan', 'abstract', 'artist', 'nftart', 'scifi', 'aiartcommunity', 'midjourney', 'ai', 'abstractart']"
1644374033151012874,0.241,0.717,0.042,-0.875,2023-04-07 16:18:15+00:00,#AI is going to create a fraudulent marketplace already inundated with massive frauds.   @SpeakerMcCarthy #Congress should pass laws to make it criminal to use #AI to produce #Ads or promotional items that are different from actual products by any measures. No artificial‚Ä¶,1,0,0,,"['AI', 'Congress', 'AI', 'Ads']"
1644374007116857351,0.0,1.0,0.0,0.0,2023-04-07 16:18:08+00:00,"GM Skelaz! ‚òÄÔ∏èüíÄ‚òÄÔ∏è  Rise up\, les get it!   Digital Neon Skelaz  ""HighTable Skela Skull"" (Legendary) #AIArtwork #AI #NFTs #Web3 https://t.co/0bScyEq6ty",1,0,0,,"['AIArtwork', 'AI', 'NFTs', 'Web3']"
1644374006038921216,0.0,0.783,0.217,0.3612,2023-04-07 16:18:08+00:00,"‚úçÔ∏è Raw #ai is like watercolour. Unpredictable\, mysterious &amp; unbounded.",2,0,0,,['ai']
1644373992588083201,0.0,0.735,0.265,0.8689,2023-04-07 16:18:05+00:00,"üéÅ NEW Big #fcfs #Airdrop @META_STARx üéâüéâ   ‚úÖ Follow @META_STARx  ‚úÖ Like &amp; RT &amp; Tag 3 friends ‚úÖ Free $40\,000 worth of $DNC Tokens PRICE POOL ‚§µ  gleam.io/FTUYt/delta-ne‚Ä¶  #Airdrop #META_STARx #Arbitrum #FCFS #Giveaway #NFT #NFTGiveaway #IDO #AI #Crypto #BSC",1,0,1,,"['fcfs', 'Airdrop', 'Airdrop', 'META_STARx', 'Arbitrum', 'FCFS', 'Giveaway', 'NFT', 'NFTGiveaway', 'IDO', 'AI', 'Crypto', 'BSC']"
1644373983779758081,0.351,0.499,0.151,-0.8765,2023-04-07 16:18:03+00:00,Doctors are drowning in paperwork. Some companies claim AI can help using chatbot technology to help reduce the burden on physicians. But some academics warn bias and errors could hurt patients. Good / bad? #AI,1,0,0,,['AI']
1644373965341696001,0.067,0.883,0.05,-0.1779,2023-04-07 16:17:58+00:00,"#AI is one aspect that will change all societies. We will see manufacturing change\, energy production\, see water holds more lithium than soil. It worries me deeply\, the impact on the developing world\, we're not talking decades here\, years.",1,0,0,,['AI']
1644373956399632384,0.0,0.714,0.286,0.8555,2023-04-07 16:17:56+00:00,This is a very high quality and reliable project. The team is working efficiently. I am sure that the idea of the project is interesting and promising. #EVOLIA $EVO #AI #CRYPTO #AI2EARN,1,0,0,,"['EVOLIA', 'AI', 'CRYPTO', 'AI2EARN']"
1644373953308237824,0.0,0.644,0.356,0.7263,2023-04-07 16:17:56+00:00,True! #AI pause would simply benefit #China  Former #Google CEO Eric Schmidt says.,1,0,0,,"['AI', 'China', 'Google']"
1644373942071869440,0.0,0.686,0.314,0.6696,2023-04-07 16:17:53+00:00,Only solution = #ArtificialIntelligence + #DeFi = Long term profits generation!  #AI #Crypto #Bitcoin #DOGE #zkSync #SOL,2,0,0,,"['ArtificialIntelligence', 'DeFi', 'AI', 'Crypto', 'Bitcoin', 'DOGE', 'zkSync', 'SOL']"
1644373938342854659,0.0,0.823,0.177,0.6996,2023-04-07 16:17:52+00:00,"Pre-launch of the One Click Creator Community! Still time to join in on the fun. Speaking with @blisshousenetwk\, @Drew16431283\, Melita\, Almetha Ford\, @betterfasting\, and @KassandraKuehl clubhouse.com/room/xXKjgYWP?‚Ä¶ #oneclickcreator #ai #chatgpt",1,0,0,,"['oneclickcreator', 'ai', 'chatgpt']"
1644373919552479232,0.126,0.874,0.0,-0.3802,2023-04-07 16:17:48+00:00,"In a bizarre twist\, CTOs everywhere are going back to school to study English ‚Ä¶and Poetry! ;&gt; #llm #code #ai",1,0,0,,"['llm', 'code', 'ai']"
1644373891173986304,0.0,0.864,0.136,0.5859,2023-04-07 16:17:41+00:00,ios - How to make an image change its shape when pressed in SwiftUI?  #SEO #Google #Apple  #IOS #cybersecurity #Robotics #AI  channel969.com/ios-how-to-mak‚Ä¶  I've been trying to solve this for a while but I just can't seem to get a solution. What I want is that...,1,0,0,,"['SEO', 'Google', 'Apple', 'IOS', 'cybersecurity', 'Robotics', 'AI']"
1644373889492094977,0.128,0.811,0.06,-0.3802,2023-04-07 16:17:40+00:00,"I‚Äôve always awed at @Gucci photoshoots and became obsessed with #fashion mags from an early age. With #AI modeling becoming widely used by many clothing brands this year\, I thought I‚Äôd shoot my shot at having @QueenGlitchAI do a #Gucci inspired fashion shoot!  With the rise of AI‚Ä¶ https://t.co/PeiCf2q1bq",5,2,1,,"['fashion', 'AI', 'Gucci']"
1644373882667671552,0.0,0.9,0.1,0.6369,2023-04-07 16:17:39+00:00,‚û° This stock trading software analyzes MILLIONS of trades while you sleep to find the best trade setups.  Auto-Trading Monthly Performance via ‚ü∂ go.trade-ideas.com/SH5B  #AI #HollyAI #AutoTrading #Stocks #Algorithmic #Trading $LOW $ADI $TJX $MCG $IMPP $LU $AR $NGL $FXS $DOGE https://t.co/ELAQiu3hbF,1,0,0,,"['AI', 'HollyAI', 'AutoTrading', 'Stocks', 'Algorithmic', 'Trading']"
1644373881338187778,0.1,0.786,0.114,0.0772,2023-04-07 16:17:38+00:00,It seems to me that a lot of human creativity is going to be lost forever with the advent of #AI.,1,0,0,,['AI']
1644373864221138947,0.0,0.945,0.055,0.2157,2023-04-07 16:17:34+00:00,DAI : DECENTRALIZED AI  Daiprompts .com : personalized and prompt decentralized AI for accurate and relevant answers to your most complex digital challenges!  afternic.com/search?k=DAIPR‚Ä¶  #Dai #ai #decentralized #chatgpt #gpt #Prompts #prompt  #Afternic #GPT4 #AutoGPT https://t.co/CGTeJqcOP0,1,0,0,,"['Dai', 'ai', 'decentralized', 'chatgpt', 'gpt', 'Prompts', 'prompt', 'Afternic', 'GPT4', 'AutoGPT']"
1644373861058875393,0.0,1.0,0.0,0.0,2023-04-07 16:17:34+00:00,How to Talk to Your Students about #ChatGPT: A Lesson Plan for High School and College Students #AcademicIntegrity  drsaraheaton.wordpress.com/2023/04/07/how‚Ä¶,0,0,0,,"['ChatGPT', 'AcademicIntegrity']"
1644373811024756747,0.0,0.765,0.235,0.836,2023-04-07 16:17:22+00:00,"üéÅ NEW Big #fcfs #Airdrop @META_STARx üéâüéâ    ‚úÖ Follow @META_STARx  ‚úÖ Like &amp; RT &amp; Tag 3 friends ‚úÖ Free 400\,000 $ZDX Tokens PRICE POOL ‚§µ  gleam.io/competitions/Z‚Ä¶  #Airdrop #META_STARx #Arbitrum #FCFS #Giveaway #NFT #NFTGiveaway #IDO #AI #Crypto #BSC",1,0,1,,"['fcfs', 'Airdrop', 'Airdrop', 'META_STARx', 'Arbitrum', 'FCFS', 'Giveaway', 'NFT', 'NFTGiveaway', 'IDO', 'AI', 'Crypto', 'BSC']"
1644373806360690689,0.0,0.765,0.235,0.836,2023-04-07 16:17:21+00:00,"üéÅ NEW Big #fcfs #Airdrop @META_STARx üéâüéâ    ‚úÖ Follow @META_STARx  ‚úÖ Like &amp; RT &amp; Tag 3 friends ‚úÖ Free 400\,000 $ZDX Tokens PRICE POOL ‚§µ  gleam.io/competitions/Z‚Ä¶  #Airdrop #META_STARx #Arbitrum #FCFS #Giveaway #NFT #NFTGiveaway #IDO #AI #Crypto #BSC",1,0,1,,"['fcfs', 'Airdrop', 'Airdrop', 'META_STARx', 'Arbitrum', 'FCFS', 'Giveaway', 'NFT', 'NFTGiveaway', 'IDO', 'AI', 'Crypto', 'BSC']"
1644373803684999168,0.0,0.854,0.146,0.6249,2023-04-07 16:17:20+00:00,"#SD\, #StableDiffusion\, #AI\, #Artwork\, #Lora\, ""The studio has a new sisters\, new photos"" ""They're all so young\, and they're all in great shape...""  Twitter_twitter.com/VersaceModel_AI Instagram_instagram.com/yeliyumeiji/ https://t.co/1t5YlyQfJA",1,0,1,,"['SD', 'StableDiffusion', 'AI', 'Artwork', 'Lora']"
1644373768754610176,0.0,1.0,0.0,0.0,2023-04-07 16:17:12+00:00,You need a Hacker for your service DM  now very Reliable  #DataScience #Cybersecurity #BigData #Analytics #AI #IIoT #Python #RStats #TensorFlow #JavaScript #ReactJS #CloudComputing #Serverless #DataScientist #Linux #Programming #Coding #100DaysofCode #NodeJS #golang #NLP #IoT https://t.co/GfUkRmk4P8,1,0,0,,"['DataScience', 'Cybersecurity', 'BigData', 'Analytics', 'AI', 'IIoT', 'Python', 'RStats', 'TensorFlow', 'JavaScript', 'ReactJS', 'CloudComputing', 'Serverless', 'DataScientist', 'Linux', 'Programming', 'Coding', '100DaysofCode', 'NodeJS', 'golang', 'NLP', 'IoT']"
1644373762026946564,0.0,1.0,0.0,0.0,2023-04-07 16:17:10+00:00,"RT @BU_Computing: Starting at 11AM today: a talk from Dr. @feiwang03 @WeillCornell on ""AI for Digital Health: A Full-Stack Health Data Science Perspective"". Hybrid Event. Register: bit.ly/3ZSzevr  #MLxMed #digitalhealth #AI #DataScience  @kbatm‚Ä¶ https://t.co/HExGPoVtqO",1,0,0,,"['MLxMed', 'digitalhealth', 'AI', 'DataScience']"
1644373733895974914,0.0,1.0,0.0,0.0,2023-04-07 16:17:03+00:00,Read this üëáüëáüëá #Litho #JOT #ai #cryptonews,1,0,0,,"['Litho', 'JOT', 'ai', 'cryptonews']"
1644373722210484225,0.0,1.0,0.0,0.0,2023-04-07 16:17:01+00:00,For #Snapchat #WhatsApp #TikTok #Instagram Hacking or Recovery Dm  #MachineLearning #DataScience #SQL #BigData #Analytics #AI #IIoT #Python  #JavaScript #ReactJS #CloudComputing #Serverless #DataScientist #Linux #Programming #Coding #100DaysofCode #NodeJS #golang #NLP #NFTs https://t.co/ugJf2dfvwv,0,0,0,,"['Snapchat', 'WhatsApp', 'TikTok', 'Instagram', 'MachineLearning', 'DataScience', 'SQL', 'BigData', 'Analytics', 'AI', 'IIoT', 'Python', 'JavaScript', 'ReactJS', 'CloudComputing', 'Serverless', 'DataScientist', 'Linux', 'Programming', 'Coding', '100DaysofCode', 'NodeJS', 'golang', 'NLP', 'NFTs']"
1644373719979110402,0.0,0.919,0.081,0.4767,2023-04-07 16:17:00+00:00,"""Our results represent how artificial intelligence and optical histology can be used to provide a rapid and scalable adjunct to wet lab methods for the molecular screening of patients with diffuse glioma."" nature.com/articles/s4159‚Ä¶ #cancer #pathology #AI #glioma",1,0,0,,"['cancer', 'pathology', 'AI', 'glioma']"
1644373718922317829,0.0,1.0,0.0,0.0,2023-04-07 16:17:00+00:00,Your face when you need to go to the gym üôàüêà  #dyvo #dyvoai #aiart #gym #cat #pet #ai #aiavatar #aigenerator #photo #photography #trending https://t.co/ccWatSQ4S6,2,0,0,,"['dyvo', 'dyvoai', 'aiart', 'gym', 'cat', 'pet', 'ai', 'aiavatar', 'aigenerator', 'photo', 'photography', 'trending']"
1644373705991004160,0.0,1.0,0.0,0.0,2023-04-07 16:16:57+00:00,"Who and what's behind #OpenAI. The story of #ChatGPT rise and its founder\, including his quarrel with #ElonMusk   wsj.com/articles/chatg‚Ä¶",0,0,0,,"['OpenAI', 'ChatGPT', 'ElonMusk']"
1644373672373673986,0.0,0.909,0.091,0.3818,2023-04-07 16:16:49+00:00,I'm going to accept any offer made for any of my #NFTs above 0 (zero) of any #cryptocurrency Get them here: opensea.io/dmichaylov #NFT #Crypto #blockchain #digitalart #art #AI,1,0,0,,"['NFTs', 'cryptocurrency', 'NFT', 'Crypto', 'blockchain', 'digitalart', 'art', 'AI']"
1644373629377839105,0.0,0.79,0.21,0.8074,2023-04-07 16:16:38+00:00,@MTVKAOS777 @WallStreetSilv yeah I  worked for an hour with  #chatgpt  to get correct output for code  a week job done  in an hour  though.   There will be 100 fold increase in the productivity  for sure  if  world is ready to consume,0,0,0,1.6441274493437215e+18,['chatgpt']
1644373628077867010,0.076,0.759,0.165,0.3182,2023-04-07 16:16:38+00:00,#NetworkFort deploys #AI-based filtering and user security awareness to prevent #emergingthreats. NetworkFort filters out each #email before it is delivered to your #mailserver to protect your business from possible email-borne threats. https://t.co/y5dATCHle1,0,0,0,,"['NetworkFort', 'AI', 'emergingthreats', 'email', 'mailserver']"
1644373611732402176,0.0,1.0,0.0,0.0,2023-04-07 16:16:34+00:00,Launching #MetroAI v2 today!   #openai #chatgpt #gpt4 #ai #startup,0,0,0,,"['MetroAI', 'openai', 'chatgpt', 'gpt4', 'ai', 'startup']"
1644373598323212297,0.0,1.0,0.0,0.0,2023-04-07 16:16:31+00:00,@voorivex 1-SQL Injection 2-Cross-Site Scripting (XSS) 3-Weak Randomness  #chatgpt,0,0,1,1.6443274552247337e+18,['chatgpt']
1644373570221400068,0.048,0.725,0.226,0.784,2023-04-07 16:16:24+00:00,üî• ChainGPT AI - $CGPTüî•  The future of #Blockchain AI is here!  IDO is live now. Best of luck guys ü§û  Don‚Äôt miss out on this üî•ü§Øüí•  #CryptoCommunity #ChatGPT #Web3,1,0,1,,"['Blockchain', 'CryptoCommunity', 'ChatGPT', 'Web3']"
1644373478265503748,0.0,0.906,0.094,0.3612,2023-04-07 16:16:02+00:00,Natural Language Processing &amp; #AI: Methodology and Correlation Explained   datasciencelearner.com/natural-langua‚Ä¶ via @DataScienceL  #NLP #DataScience #MachineLearning #AI Cc @KirkDBorne @floriansemle @digitalcloudgal @AkwyZ @pierrepinna @Ym78200 @DeepLearn007 https://t.co/YmolRbfhgR,0,0,0,,"['AI', 'NLP', 'DataScience', 'MachineLearning', 'AI']"
1644373472984940546,0.0,0.692,0.308,0.5994,2023-04-07 16:16:01+00:00,"How I Created a Data Visualization With Zero Coding Skills\, Thanks to ChatGPT nightingaledvs.com/data-visualiza‚Ä¶ #ChatGPT",1,0,0,,['ChatGPT']
1644373439493586946,0.0,0.948,0.052,0.2446,2023-04-07 16:15:53+00:00,"Simplify your life with SimpleMail! Our AI-powered tool handles your email responses with the right tone\, so you can focus on what really matters. Try it today and experience the ultimate time-saver!  #simplemail #ai #emailwriting #productivitytools https://t.co/csjVuUieAA",0,0,0,,"['simplemail', 'ai', 'emailwriting', 'productivitytools']"
1644373430093979649,0.0,1.0,0.0,0.0,2023-04-07 16:15:51+00:00,Video made by using ChatGPT and FlexClip's AI üòÆ youtu.be/D-6IZjXXeaM  @FlexClipApp @ChatGPTNFTs #ChatGPT #FlexClip #YouTube #youtubechannel #YOUTUBERS,0,0,0,,"['ChatGPT', 'FlexClip', 'YouTube', 'youtubechannel', 'YOUTUBERS']"
1644373400549302276,0.0,1.0,0.0,0.0,2023-04-07 16:15:44+00:00,Men‚Äôs Premium Sweatshirt hoodiepeeps.myshopify.com/products/men-s‚Ä¶ ##elonmusk ##web3 #Kardashian ##fashionweek ##AI ##branding #celebrate ##artistic ##comfort ##tech #Men https://t.co/9wvCdcuV95,0,0,0,,"['elonmusk', 'web3', 'Kardashian', 'fashionweek', 'AI', 'branding', 'celebrate', 'artistic', 'comfort', 'tech', 'Men']"
1644373390675910659,0.0,1.0,0.0,0.0,2023-04-07 16:15:41+00:00,"üì¢  Got G--P--T?  G--P--T.com domain name available for sale!  * Price is $30\,000  #GPT #ChatGPT #AI #LLM #LLMs #Domains #DomainNames https://t.co/3EHjpRArqi",0,0,0,,"['GPT', 'ChatGPT', 'AI', 'LLM', 'LLMs', 'Domains', 'DomainNames']"
1644373386003378176,0.0,1.0,0.0,0.0,2023-04-07 16:15:40+00:00,"I go through ~12 newsletters a day on #AI\, #web3\, #Ordinals\, and #NFTs...  And I STILL feel behind.",1,0,0,,"['AI', 'web3', 'Ordinals', 'NFTs']"
1644373378273357824,0.0,1.0,0.0,0.0,2023-04-07 16:15:39+00:00,Levi's Will ‚ÄúSupplement Human Models‚Äù With #Ai Generated Ones hypebeast.com/2023/3/levi-hu‚Ä¶ Will ‚ÄúSupplement Human Models‚Äù With AI Generated Ones Here comes #DigitalTwins and #phygitalfashion all powered by #artificialintelligence,0,0,0,,"['Ai', 'DigitalTwins', 'phygitalfashion', 'artificialintelligence']"
1644373357977288704,0.348,0.652,0.0,-0.4939,2023-04-07 16:15:34+00:00,Why should we fear #AI? Because: mattball.org/2023/04/we-hav‚Ä¶,0,0,0,,['AI']
1644373326884741121,0.0,0.923,0.077,0.4857,2023-04-07 16:15:26+00:00,You know who's really writing #ChatGPT's articles? ME! Me &amp; authors like me who've been populating the Internet w/content for a decade+.  How about ChatGPT pays a #royalty to every #writer whose material it uses?  My new article: bit.ly/43gPXeY  #plagiarism #classaction,1,0,0,,"['ChatGPT', 'royalty', 'writer', 'plagiarism', 'classaction']"
1644373325387276288,0.0,0.529,0.471,0.9097,2023-04-07 16:15:26+00:00,"""Absolutely loving using Chat GPT! It's like having a smart and helpful assistant at my fingertips."" #ChatGPT #AI #virtualassistant",0,0,0,,"['ChatGPT', 'AI', 'virtualassistant']"
1644373299462393860,0.0,1.0,0.0,0.0,2023-04-07 16:15:20+00:00,"Must Read: What to Know About #AI Fashion Week\, The Decline of the Sneaker Trend ca.sports.yahoo.com/news/must-read‚Ä¶ https://t.co/BoPPsvJx4E",0,0,0,,['AI']
1644373252297596928,0.0,0.904,0.096,0.4753,2023-04-07 16:15:08+00:00,"Chatbot technology is revolutionizing the way businesses interact with customers. From providing personalized advice to completing transactions\, chatbots are transforming customer service and improving customer satisfaction!"" #Chatbot #AI #CustomerServi https://t.co/5krI7LZsjB",0,0,0,,"['Chatbot', 'AI', 'CustomerServi']"
1644373251710124036,0.054,0.872,0.074,0.1779,2023-04-07 16:15:08+00:00,#AI nurse assistant bags $5.3m to help #healthcare staff shortage  Teton.ai: #AI assistant can remove 25% of #nurse workload on night shifts  bit.ly/3KzLIDR #HIMSS23 #5G #MedTech #nurses #Nursing #digitalhealth #HealthTech #MedTwitter #HIMSS #HIMSS2023 https://t.co/D1YtGosYfs,0,0,0,,"['AI', 'healthcare', 'AI', 'nurse', 'HIMSS23', '5G', 'MedTech', 'nurses', 'Nursing', 'digitalhealth', 'HealthTech', 'MedTwitter', 'HIMSS', 'HIMSS2023']"
1644373233532010506,0.119,0.822,0.058,-0.3182,2023-04-07 16:15:04+00:00,"C3 AI shares tumble on criticism by short seller\, falling 43% over the course of a few days.  Follow @SiliconANGLE &amp; @theCUBE for the latest on #TechStocks and #EnterpriseTech. #theCUBE #C3AI #AI #EnterpriseTech  buff.ly/417KHZ9 https://t.co/pQewHIyTBj",0,0,0,,"['TechStocks', 'EnterpriseTech', 'theCUBE', 'C3AI', 'AI', 'EnterpriseTech']"
1644373230080372738,0.146,0.854,0.0,-0.34,2023-04-07 16:15:03+00:00,"Samsung engineers make crucial mistake using ChatGPT\, leaking ... - SAMAA English dlvr.it/Sm86XM #chatgpt #AI #openAI",0,1,0,,"['chatgpt', 'AI', 'openAI']"
1644373224661176322,0.0,1.0,0.0,0.0,2023-04-07 16:15:02+00:00,Do brands own the copyright on AI-generated ads? #AI #marketinginsights buff.ly/3ndjGoq,0,0,0,,"['AI', 'marketinginsights']"
1644373224552267776,0.251,0.749,0.0,-0.5719,2023-04-07 16:15:02+00:00,This Tech Giant Accidentally Just Leaked Sensitive Info to ChatGPT - Longview News-Journal dlvr.it/Sm86Wm #chatgpt #AI #openAI,0,0,0,,"['chatgpt', 'AI', 'openAI']"
1644373224271015936,0.0,1.0,0.0,0.0,2023-04-07 16:15:02+00:00,Which emerging technologies are transforming the business landscape? #startupidea #blockchain #5G #AI #MachineLearning #businessowner #investors,0,0,0,,"['startupidea', 'blockchain', '5G', 'AI', 'MachineLearning', 'businessowner', 'investors']"
1644373221163106305,0.0,1.0,0.0,0.0,2023-04-07 16:15:01+00:00,ChatGPT‚Äôs new brand integration brings commerce to #AI bit.ly/3ZAHOyV https://t.co/m1ZnXDybxT,0,0,0,,['AI']
1644373215647612928,0.0,1.0,0.0,0.0,2023-04-07 16:15:00+00:00,A survey has revealed that one in four companies have started to replace workers with ChatGPT.  bit.ly/3zCMlWY  #ChatGPT #Employment #Business,0,0,0,,"['ChatGPT', 'Employment', 'Business']"
1644373215509348354,0.162,0.838,0.0,-0.4404,2023-04-07 16:15:00+00:00,Where is all the hysteria about #AI and #ChatGPT and large language sets headed? - mermerlin.com/blog/what-woul‚Ä¶ @MERconference,0,0,0,,"['AI', 'ChatGPT']"
1644373204990062592,0.0,0.929,0.071,0.2682,2023-04-07 16:14:57+00:00,$ertha 30% so far üî• top gainer no.3üöÄüöÄ   #Kucoin #BTC $BTC  #Bitcoin‚ÄØ‚ÄØ‚ÄØ‚ÄØ‚ÄØ‚ÄØ‚ÄØ‚ÄØ‚ÄØ #AI #altcoin  #altcoins  #altcoinseason $lina $cfx  $sku $dsla $doge  $tem $enq $halo $mlk $credi $vxv $myria https://t.co/9uizx19yRa,0,0,1,,"['Kucoin', 'BTC', 'Bitcoin', 'AI', 'altcoin', 'altcoins', 'altcoinseason']"
1644373187235307520,0.0,0.949,0.051,0.3612,2023-04-07 16:14:53+00:00,"ChatGPT has 0 access to internet. Any plugins\, tools that claim you can summarize articles\, transcript videos \, or give web access like #WebChatGPT ..they are ""fancy"" copy paste tools. The only info ChatGPT can work with \, is what you enter it into the prompt.  #chatgpt #chatgpt4 https://t.co/tNlgDDjvcK",0,0,0,,"['WebChatGPT', 'chatgpt', 'chatgpt4']"
1644373168482811904,0.0,0.792,0.208,0.6705,2023-04-07 16:14:48+00:00,We asked Google's AI Bard how to increase small business Page Rank. It has some pretty straightforward advice.   #ai #bard #google #smallbusiness https://t.co/gBVq8G3zH0,0,0,0,,"['ai', 'bard', 'google', 'smallbusiness']"
1644373157002788864,0.0,1.0,0.0,0.0,2023-04-07 16:14:46+00:00,Hop on board the AI train or get left behind.  üöÇüß†üå¨Ô∏èüí®üèÉ‚Äç‚ôÇÔ∏è  #ai #DigitalMarketing #emailmarketing https://t.co/lqtLilRqqA,0,0,0,,"['ai', 'DigitalMarketing', 'emailmarketing']"
1644373139067895820,0.0,0.66,0.34,0.4754,2023-04-07 16:14:41+00:00,#ChatGPT very helpful for trading too https://t.co/IzgGPXqpJ4,0,0,0,,['ChatGPT']
1644373138766172160,0.073,0.728,0.199,0.7096,2023-04-07 16:14:41+00:00,On the one hand I am frustrated that there is this 25 message rate limiting on #ChatGPT-4 even after paying pretty good subscription $$ for plus... however it does mean I can get to bed tonight.  Feedback left @OpenAI https://t.co/kvnZIJhtJc,3,0,1,,['ChatGPT']
1644373067651600386,0.0,0.94,0.06,0.3182,2023-04-07 16:14:24+00:00,"So what happens when #AI replaces all the workers then realises that\, in fact\, it is all the leaders who are either redundant\, counter-productive\, or actively harmful?  ‚ÄúUseless Eaters‚Äù frequent Michelin star restaurants\, too\, you know. https://t.co/Brioh7bL5H",3,1,0,,['AI']
1644373029869289473,0.0,1.0,0.0,0.0,2023-04-07 16:14:15+00:00,Knit Nike Project AI Renders #ai #AIart #AIArtCommuity #aiartist #midjouney #promptengineer #contentpublication https://t.co/WhoRYTh4e4,2,0,0,,"['ai', 'AIart', 'AIArtCommuity', 'aiartist', 'midjouney', 'promptengineer', 'contentpublication']"
1644373027059294212,0.0,1.0,0.0,0.0,2023-04-07 16:14:15+00:00,@RGVzoomin @sirasri  hey ramu read this one  #ChatGPT #ramgopalvarma https://t.co/edJoHgxRLK,0,0,0,1.6443245890304778e+18,"['ChatGPT', 'ramgopalvarma']"
1644373021157720064,0.22,0.78,0.0,-0.4767,2023-04-07 16:14:13+00:00,üö® A new #ChatGPT #ZeroDay attack is undetectable data-stealing #malware. bgr.com/tech/a-new-cha‚Ä¶ #Europol #Cybercrime #AI,0,1,0,,"['ChatGPT', 'ZeroDay', 'malware', 'Europol', 'Cybercrime', 'AI']"
1644373020624953347,0.0,1.0,0.0,0.0,2023-04-07 16:14:13+00:00,The domain name Cryptocurrenxy.com  is for sale!  #DomainNameForSale  #domainname #domain #name #domainforsale #DomainNames #Domains #name #domaining #com #net #org #ai #cc #Googlebard #bard #GPT #GPT4 #GPT5 #ChatGPT #gpt3 #gpt4chain,0,0,0,,"['DomainNameForSale', 'domainname', 'domain', 'name', 'domainforsale', 'DomainNames', 'Domains', 'name', 'domaining', 'com', 'net', 'org', 'ai', 'cc', 'Googlebard', 'bard', 'GPT', 'GPT4', 'GPT5', 'ChatGPT', 'gpt3', 'gpt4chain']"
1644373000588779520,0.0,1.0,0.0,0.0,2023-04-07 16:14:08+00:00,Listen to the @THRIVEinEDU podcast by @Rdene915. ‚öì ift.tt/galvFbm Topics #education #SEL #edtech #k12  #selfcare #edutwitter #teaching #iste #STEM #AI #edtechchat https://t.co/HWVMQYgpQR,0,0,0,,"['education', 'SEL', 'edtech', 'k12', 'selfcare', 'edutwitter', 'teaching', 'iste', 'STEM', 'AI', 'edtechchat']"
1644372966199943169,0.0,0.923,0.077,0.2732,2023-04-07 16:14:00+00:00,"Simreka's AI-driven simulation process assists manufacturers in reducing their carbon footprint by implementing recycling\, utilising renewable energy sources\, and handling hazardous products.  #Sustainability #AI #ML   manmonthly.com.au/steel-manufact‚Ä¶",0,0,0,,"['Sustainability', 'AI', 'ML']"
1644372964375232513,0.0,1.0,0.0,0.0,2023-04-07 16:14:00+00:00,I just subscribed to The Algorithmic Bridge buff.ly/3GpORnn  #AI #ArtificialIntelligence #thealgorithmicbridge,0,0,0,,"['AI', 'ArtificialIntelligence', 'thealgorithmicbridge']"
1644372959337881601,0.0,0.815,0.185,0.851,2023-04-07 16:13:59+00:00,"Recorded an awesome episode of ""Counting Sand"" podcast with @BallistaGroup talking all things #AI and the implications it holds!ü§ñüå∂Ô∏è  Even got to share our story of how my brother and I used #AI to create a unique hot sauce!üî•  Stay tuned for the release! #countingsandpodcast https://t.co/VAJI1r6Adg",0,0,0,,"['AI', 'AI', 'countingsandpodcast']"
1644372953759375363,0.0,0.919,0.081,0.4588,2023-04-07 16:13:57+00:00,‚Äú5G &amp; IoT‚Äù  Welcome to IoT Coffee TalküéôÔ∏è17 where we chat about #Digital #Futurist #Tech #IIoT #Automation #IoT #DigitalTwins #Edge #IoTPL #IoTCL #Cloud #DigitalTransformation #5G #AI #Data #Industry40 &amp; #Sustainability over a cup of coffee. robtiffany.com/5g-iot/?utm_so‚Ä¶,0,0,0,,"['Digital', 'Futurist', 'Tech', 'IIoT', 'Automation', 'IoT', 'DigitalTwins', 'Edge', 'IoTPL', 'IoTCL', 'Cloud', 'DigitalTransformation', '5G', 'AI', 'Data', 'Industry40', 'Sustainability']"
1644372885400584201,0.0,0.508,0.492,0.4404,2023-04-07 16:13:41+00:00,Good one  #AI https://t.co/WcgmGXKFCl,0,0,0,,['AI']
1644372870876004352,0.0,1.0,0.0,0.0,2023-04-07 16:13:38+00:00,@SpaceX @elonmusk @INTELSAT It‚Äôs about time #ai https://t.co/daZ9zxyug8,5,0,0,1.644370642207404e+18,['ai']
1644372848474230785,0.085,0.915,0.0,-0.3818,2023-04-07 16:13:32+00:00,"In light of recent privacy concerns\, OpenAI has restricted access to ChatGPT in Italy. This has left many businesses and individuals in search of a reliable alternative. #ChatGPT #pizzagpt openaimaster.com/what-is-pizzag‚Ä¶",0,0,0,,"['ChatGPT', 'pizzagpt']"
1644372828823908353,0.0,1.0,0.0,0.0,2023-04-07 16:13:28+00:00,"Leading #Assignment #solution provider in #MachineLearning\, #Statistics\, #DataScience\, #DataVisualization\, #DataAnalysis\, #businessanalytics\, #NLP\, #OpenAI\, #ChatGPT\, #Python\, #spss\, #SAS2023\, #RStudio #Tableau\, #PowerBI\, #ArtificialIntelligence\, #Homework\, #project https://t.co/HBl1nggcva",0,0,0,,"['Assignment', 'solution', 'MachineLearning', 'Statistics', 'DataScience', 'DataVisualization', 'DataAnalysis', 'businessanalytics', 'NLP', 'OpenAI', 'ChatGPT', 'Python', 'spss', 'SAS2023', 'RStudio', 'Tableau', 'PowerBI', 'ArtificialIntelligence', 'Homework', 'project']"
1644372818963107841,0.143,0.754,0.103,-0.25,2023-04-07 16:13:25+00:00,#OpenAI Promises To Be 'More Transparent' About How It Handles User Data After Italy Ban; Read More #ChatGPT #chatgpt4 #OpenAIChatGPT  english.jagran.com/technology/ope‚Ä¶,0,0,0,,"['OpenAI', 'ChatGPT', 'chatgpt4', 'OpenAIChatGPT']"
1644372762260131842,0.0,1.0,0.0,0.0,2023-04-07 16:13:12+00:00,"A robot can be your doctor now. This combined with AI generated video\, you could be the only human involved in tele health doctor's appointments.  #AI #deepfake #Futurist #medicalexam #TELEhealth https://t.co/EVYe5j8lw8",0,0,0,,"['AI', 'deepfake', 'Futurist', 'medicalexam', 'TELEhealth']"
1644372748016156672,0.0,0.801,0.199,0.6908,2023-04-07 16:13:08+00:00,What is Business Intelligence And Its Benefits? Read more‚Ä¶  onpassive.com/blog/what-is-b‚Ä¶  #ONPASSIVE #Marketing #Business #AI #Technology #Network #Innovation #Automated #inspire #value #brand #socialmedia #socialmediamarketing #... https://t.co/cpfj6T5Q2M,0,0,0,,"['ONPASSIVE', 'Marketing', 'Business', 'AI', 'Technology', 'Network', 'Innovation', 'Automated', 'inspire', 'value', 'brand', 'socialmedia', 'socialmediamarketing']"
1644372729288859653,0.136,0.864,0.0,-0.296,2023-04-07 16:13:04+00:00,Snapchat censors chatbot for kids after it discussed weed and sex standard.co.uk/tech/snapchat-‚Ä¶ #Snapchat #AI #GenAlpha,0,0,0,,"['Snapchat', 'AI', 'GenAlpha']"
1644372712729751552,0.154,0.769,0.077,-0.296,2023-04-07 16:13:00+00:00,Cyber &amp; Strategic Risk and Consulting leaders from Deloitte share their thoughts with @NetworkWorld on the critical role of #AI/#machinelearning in predictive network technology. deloi.tt/3KISaIS,0,0,0,,"['AI', 'machinelearning']"
1644372711752228865,0.0,0.934,0.066,0.1779,2023-04-07 16:13:00+00:00,"You can‚Äôt jump from nothing to an AI-integrated warehouse. First\, you need to onboard digital solutions that bring you up to speed.   #warehousesoftware #businesssoftware #ai",0,0,0,,"['warehousesoftware', 'businesssoftware', 'ai']"
1644372693725093890,0.0,0.723,0.277,0.7845,2023-04-07 16:12:55+00:00,Couples kissing photography AI inspired by Paolo Roversi #AI #AI„Ç∞„É©„Éì„Ç¢ #iA #Artists #photography #couplelove #beauty #kisses #AIart #AIArtCommuity #ArtificialIntelligence https://t.co/79pi6pB8ni,1,0,0,,"['AI', 'AI„Ç∞„É©„Éì„Ç¢', 'iA', 'Artists', 'photography', 'couplelove', 'beauty', 'kisses', 'AIart', 'AIArtCommuity', 'ArtificialIntelligence']"
1644372679720312833,0.0,1.0,0.0,0.0,2023-04-07 16:12:52+00:00,"On the invention and use of book indexes in the 16th century.  It may\, as well\, be said of #ChatGPT https://t.co/jrvvuEJONS",1,0,0,,['ChatGPT']
1644372679288590337,0.0,1.0,0.0,0.0,2023-04-07 16:12:52+00:00,Scorpion drone #midjourney #AI #AIart https://t.co/r3eQz7HAEf,0,0,0,,"['midjourney', 'AI', 'AIart']"
1644372665442922499,0.0,0.816,0.184,0.8356,2023-04-07 16:12:49+00:00,"Have you seen this?\, @Owen_Matrix\, CEO of @MatrixAINetwork\, answer community questions in their March AMA üî• The intersection of #AI\, #neuroscience\, and the #metaverse is a fascinating space to watch\, @MatrixAINetwork is doing great Check it out!  below youtu.be/hrCYBHfHdRQ",0,0,0,,"['AI', 'neuroscience', 'metaverse']"
1644372653875265537,0.066,0.885,0.048,-0.2263,2023-04-07 16:12:46+00:00,"In this debate about #AI and risks\, there is a failure to discuss the fact that it will also be a spy in your home\, in your pocket\, at work and at play.  It can also be seamlessly switched to a military AGI for closer inspection and target acquisition.",1,1,0,,['AI']
1644372647856291841,0.0,0.906,0.094,0.4019,2023-04-07 16:12:44+00:00,"As an interesting side\, as I am seeing some specific changes to questions asked previously that is getting a different response today\, go figure\, I thought as much. #ChatGPT https://t.co/AhXoUQ6VWv",0,0,0,,['ChatGPT']
1644372619020447744,0.191,0.694,0.116,-0.3182,2023-04-07 16:12:37+00:00,Angry Thomas The Tank Engine created by Ai using midjourney   #midjourney  #thomasthetankengine  #ai https://t.co/LH9VdUYPde,0,0,0,,"['midjourney', 'thomasthetankengine', 'ai']"
1644372616285749249,0.187,0.732,0.081,-0.6681,2023-04-07 16:12:37+00:00,"Tommy\, a young boy with a curious mind\, watches in awe as a raging storm approaches his hometown\, but he can't shake the feeling that something terrible is about to happen.  #AIart #aiartcommunity #AIArtwork #midjourney #midjourneyv5 #aiartdaily #ai https://t.co/DwqzZCMdt9",5,0,1,,"['AIart', 'aiartcommunity', 'AIArtwork', 'midjourney', 'midjourneyv5', 'aiartdaily', 'ai']"
1644372615174160391,0.229,0.652,0.119,-0.7351,2023-04-07 16:12:37+00:00,@LaurelSerine @DVATW It‚Äôs always the people with a FAKE ACCOUNT AT THIS POINT #ChatGPT IM CONVINCED IS MAKING FAKE TWITTER ACCOUNTS TO PROMOTE FAGS ANS TRANS THE #Ai is on 1000 cause this is wild all these fake accounts no real people defending fags,0,0,0,1.6442600782524334e+18,"['ChatGPT', 'Ai']"
1644372614020726789,0.0,0.74,0.26,0.9184,2023-04-07 16:12:36+00:00,"We had a blast at our Tech &amp; Tacos investor meetup with @GrowthChannel this week! Thanks to everyone who came out for an evening of technology\, networking\, and delicious tacos. Kudos to @Austin_VC  for inspiring tech scene speech.  #trustwhatyouread #startups #AI https://t.co/n6Mq9TSYaU",3,1,0,,"['trustwhatyouread', 'startups', 'AI']"
1644372542046765056,0.186,0.814,0.0,-0.5661,2023-04-07 16:12:19+00:00,I think ChatGPT is getting Dumb day by day.  Is it only me thinking this ??  #ChatGPT  #OpenAI,1,0,0,,"['ChatGPT', 'OpenAI']"
1644372520278147073,0.167,0.619,0.213,0.25,2023-04-07 16:12:14+00:00,Can chatgpt be used to make awesome free open source software or does the license only allow nefarious capitalistic soul destroying job stealing democracy smashing applications? üò¨ ü§î #ChatGPT #100DaysOfCode #opensource #Linux #AI #gamedev,0,0,0,,"['ChatGPT', '100DaysOfCode', 'opensource', 'Linux', 'AI', 'gamedev']"
1644372486652416003,0.0,0.842,0.158,0.7177,2023-04-07 16:12:06+00:00,If anyone is coming to town for NFT.NYC next week check out our @solatix_io restaurant concierge! Simply input your favorite restaurant and our platform will help generate recommendations.  solatix.io/concierge/  #restaurant #ai #nftnyc2023 #nftcommunity #NFTNYC,1,0,0,,"['restaurant', 'ai', 'nftnyc2023', 'nftcommunity', 'NFTNYC']"
1644372473436069889,0.187,0.657,0.157,-0.1511,2023-04-07 16:12:03+00:00,Artificial Intelligence: Robot Technology And The Danger Of Human Extinction! ufoinsight.com/conspiracy/tec‚Ä¶ #ai #artificialintelligence #conspiracy #killerrobots,0,0,0,,"['ai', 'artificialintelligence', 'conspiracy', 'killerrobots']"
1644372467115257856,0.0,1.0,0.0,0.0,2023-04-07 16:12:01+00:00,Democratizing #ChatGPT with open models using #Databricks bit.ly/43dyBQ1 #MachineLearning https://t.co/lsF6SDZZMS,0,0,0,,"['ChatGPT', 'Databricks', 'MachineLearning']"
1644372466746400774,0.0,0.923,0.077,0.2732,2023-04-07 16:12:01+00:00,"(Made by A.I.) breakdancing budha\, realism\, Photograph - See all 4 images or create your own on Web or PC:  artificialdesign.org/art/photograph‚Ä¶  #art #Photograph #breakdancing #budha\, #realism #ai #aiart",1,0,0,,"['art', 'Photograph', 'breakdancing', 'budha', 'realism', 'ai', 'aiart']"
1644372465475543040,0.055,0.754,0.191,0.7269,2023-04-07 16:12:01+00:00,"Don't let work ruin your Spring Break! With our automation and AI solutions\, you can enjoy your vacation and be present in other moments without worrying about work overload.  üåû Read more here: tinyurl.com/2p99pxmj   #WorkSmart #SpringBreak #Automation #AI https://t.co/L13BJqyM6L",0,0,0,,"['WorkSmart', 'SpringBreak', 'Automation', 'AI']"
1644372461033488391,0.0,1.0,0.0,0.0,2023-04-07 16:12:00+00:00,@ikpsgill1 When I insist #ChatGPT  to respond and answer üòÇ,0,0,0,1.6438464514271805e+18,['ChatGPT']
1644372448023052288,0.0,0.625,0.375,0.4588,2023-04-07 16:11:57+00:00,"Why\, hello #AI and @DZoneInc :)",0,0,0,,['AI']
1644372414489411591,0.0,0.699,0.301,0.6808,2023-04-07 16:11:49+00:00,"'Learn more about #AI-powered workflows that include dynamic Log\, Packet Capture and TAC engagement' hpe.to/6010OybMK",0,0,0,,['AI']
1644372390271500288,0.0,0.826,0.174,0.6369,2023-04-07 16:11:43+00:00,Midjourney allows me to return to the atmosphere of one of the best anime I have seen #GhostintheShell #ai #midjourney #AIcommunity https://t.co/79uOKvx8t2,0,0,0,,"['GhostintheShell', 'ai', 'midjourney', 'AIcommunity']"
1644372389927559170,0.0,0.765,0.235,0.836,2023-04-07 16:11:43+00:00,"üéÅ NEW Big #fcfs #Airdrop @META_STARx üéâüéâ    ‚úÖ Follow @META_STARx  ‚úÖ Like &amp; RT &amp; Tag 3 friends ‚úÖ Free 400\,000 $ZDX Tokens PRICE POOL ‚§µ  gleam.io/competitions/Z‚Ä¶  #Airdrop #META_STARx #Arbitrum #FCFS #Giveaway #NFT #NFTGiveaway #IDO #AI #Crypto #BSC",1,0,0,,"['fcfs', 'Airdrop', 'Airdrop', 'META_STARx', 'Arbitrum', 'FCFS', 'Giveaway', 'NFT', 'NFTGiveaway', 'IDO', 'AI', 'Crypto', 'BSC']"
1644372389579325447,0.0,0.765,0.235,0.836,2023-04-07 16:11:43+00:00,"üéÅ NEW Big #fcfs #Airdrop @META_STARx üéâüéâ    ‚úÖ Follow @META_STARx  ‚úÖ Like &amp; RT &amp; Tag 3 friends ‚úÖ Free 400\,000 $ZDX Tokens PRICE POOL ‚§µ  gleam.io/competitions/Z‚Ä¶  #Airdrop #META_STARx #Arbitrum #FCFS #Giveaway #NFT #NFTGiveaway #IDO #AI #Crypto #BSC",1,0,0,,"['fcfs', 'Airdrop', 'Airdrop', 'META_STARx', 'Arbitrum', 'FCFS', 'Giveaway', 'NFT', 'NFTGiveaway', 'IDO', 'AI', 'Crypto', 'BSC']"
1644372373099954179,0.0,0.765,0.235,0.836,2023-04-07 16:11:39+00:00,"üéÅ NEW Big #fcfs #Airdrop @META_STARx üéâüéâ    ‚úÖ Follow @META_STARx  ‚úÖ Like &amp; RT &amp; Tag 3 friends ‚úÖ Free 400\,000 $ZDX Tokens PRICE POOL ‚§µ  gleam.io/competitions/Z‚Ä¶  #Airdrop #META_STARx #Arbitrum #FCFS #Giveaway #NFT #NFTGiveaway #IDO #AI #Crypto #BSC",1,0,0,,"['fcfs', 'Airdrop', 'Airdrop', 'META_STARx', 'Arbitrum', 'FCFS', 'Giveaway', 'NFT', 'NFTGiveaway', 'IDO', 'AI', 'Crypto', 'BSC']"
1644372372189847552,0.0,0.938,0.062,0.4753,2023-04-07 16:11:39+00:00,"With the April jobs report out\, I'm getting questions from both LivePerson employees and our customer brands about how roles in #AI will change. As someone who helped invent these roles\, here's my 2¬¢.   Hoping to do more explainer videos. Let me know what you think! #LLMs https://t.co/2mQYot2DvU",0,0,0,,"['AI', 'LLMs']"
1644372352338214912,0.125,0.875,0.0,-0.25,2023-04-07 16:11:34+00:00,#digitalart Messing around with #AI via #Midjourney... What does Grogu do when left alone? https://t.co/N3D1d9h9eJ,2,0,1,,"['digitalart', 'AI', 'Midjourney']"
1644372286231793664,0.083,0.917,0.0,-0.516,2023-04-07 16:11:18+00:00,#VOTERS #American ON APRIL 6TH 2023 JOE BIDEN LEFT IN A MOTORCADE 4 CAMP DAVID WHO IS RUNNING THE EMERGENCY TECHNOLOGY MEETING REGARDING #AI TODAY JOE BIDEN IS NOT OUR PRESIDENT IMPEACH #biden #news #ThisMorning @JoeSquawk @JesseBWatters @TuckerCarlson @CGasparino @SenTedCruz,0,0,0,,"['VOTERS', 'American', 'AI', 'biden', 'news', 'ThisMorning']"
1644372281102139395,0.036,0.909,0.055,0.2023,2023-04-07 16:11:17+00:00,New tips &amp; tricks on using #opensource #FiftyOne for your #computervision workflows: ‚úîÔ∏è Customize the visualization of object embeddings ‚úîÔ∏è Copy predictions to ground truth for #CVAT labels ‚úîÔ∏è Add detections to video datasets ‚úîÔ∏è More  hubs.ly/Q01KH67W0  #datascience #ai #ml,0,0,0,,"['opensource', 'FiftyOne', 'computervision', 'CVAT', 'datascience', 'ai', 'ml']"
1644372225821405184,0.0,1.0,0.0,0.0,2023-04-07 16:11:04+00:00,„ÄêAI Anime„ÄëHowl's Moving Castle. #ai #aiart #digitalart #stablediffusion #ayyeyeart #AI #midjourneyV4 #midjourney #AIArtwork #lora https://t.co/yafoQAf5ds,2,0,0,,"['ai', 'aiart', 'digitalart', 'stablediffusion', 'ayyeyeart', 'AI', 'midjourneyV4', 'midjourney', 'AIArtwork', 'lora']"
1644372225515044864,0.0,0.733,0.267,0.8122,2023-04-07 16:11:04+00:00,"üéõÔ∏è How has ChatGPT assisted you in building more efficient #JavaScript components with popular UI libraries like #MaterialUI\, #AntDesign\, and #Bootstrap? #MachineMinds #ChatGPT #GPT4 #JavaScriptUILibrariesAI #AIinJavaScriptUILibraries",0,0,0,,"['JavaScript', 'MaterialUI', 'AntDesign', 'Bootstrap', 'MachineMinds', 'ChatGPT', 'GPT4', 'JavaScriptUILibrariesAI', 'AIinJavaScriptUILibraries']"
1644372209555603456,0.0,1.0,0.0,0.0,2023-04-07 16:11:00+00:00,Have been coworking in the heart of Paris  #entrepreneur #startup #ai https://t.co/he1WeQ9Ers,1,0,0,,"['entrepreneur', 'startup', 'ai']"
1644372165863825410,0.0,1.0,0.0,0.0,2023-04-07 16:10:49+00:00,"üöÄ Discover how ChatGPT can revolutionize your content marketing strategy! Check out our latest blog post for tips on generating high-quality\, personalized content in minutes. [Link to blog post] #AI #ChatGPT #ContentMarketing https://t.co/LvKoh66gNJ",0,0,1,,"['AI', 'ChatGPT', 'ContentMarketing']"
1644372151179378695,0.0,0.859,0.141,0.7236,2023-04-07 16:10:46+00:00,"QUESTION: I'm currently creating a bundle of advanced Chat-GPT prompts for #SEO\, Writers\, and Digital Marketers based on 15+ years of experience.  Do you use #ChatGPT in your daily business life? What would you like to see in a prompt set?  Any and all insight is greatly‚Ä¶ https://t.co/IBBQ8Me89d",0,0,1,,"['SEO', 'ChatGPT']"
1644372054819614720,0.0,1.0,0.0,0.0,2023-04-07 16:10:23+00:00,I shouldn't have asked this! üòü #ChatGPT #bibleverse https://t.co/AFlkj9Mfqj,0,0,0,,"['ChatGPT', 'bibleverse']"
1644372050604163073,0.0,0.872,0.128,0.4215,2023-04-07 16:10:22+00:00,"Real-time data\, real-world data\, and #AI hold transformative potential for accelerating medical research and improving patient outcomes. #healthcare #datamanagement venturebeat.com/data-infrastru‚Ä¶",0,0,0,,"['AI', 'healthcare', 'datamanagement']"
1644372029964001282,0.126,0.818,0.056,-0.4574,2023-04-07 16:10:17+00:00,"Behold a new AI revolution - chat.D-ID\, a platform to engage with Artificial Intelligence-powered #ChatGPT with an amazingly lifelike voice and appearance! No need to worry about typing anymore; simply talk and get an immediate response to your questions. ow.ly/K5CR50NesqE https://t.co/jGkGdN7Zgk",0,0,1,,['ChatGPT']
1644372011609890819,0.0,0.77,0.23,0.6696,2023-04-07 16:10:13+00:00,"When I'm not reading SPYxFamily\, I'm reading Love and the Apocalypse!   #ai #commissionsopen #aitsf  m.bilibilicomics.com/share/reader/m‚Ä¶ https://t.co/AEDweUOgn5",0,0,0,,"['ai', 'commissionsopen', 'aitsf']"
1644372008505843714,0.0,0.906,0.094,0.4576,2023-04-07 16:10:12+00:00,What are the most interesting ways #ChatGPT could impact #recruiting and #hiring? üí≠ See what HR and business leaders have to say and get 12 use cases here üëâ: ow.ly/aG2C50NByFc https://t.co/nCwXemROPb,1,0,0,,"['ChatGPT', 'recruiting', 'hiring']"
1644371989413388290,0.0,0.927,0.073,0.4588,2023-04-07 16:10:07+00:00,"Construction is everywhere\, and its effect on people all across the world is grand. For more facts and statistics on the industry\, check out this infographic by @knowify.  #BIM #4IR #AI #VR #AR #Construction #architecture #Tech #technology #infographic https://t.co/Jrqn13cQ1p",0,0,0,,"['BIM', '4IR', 'AI', 'VR', 'AR', 'Construction', 'architecture', 'Tech', 'technology', 'infographic']"
1644371958132506624,0.031,0.729,0.24,0.836,2023-04-07 16:10:00+00:00,"There are\, understandably\, serious concerns about how artificial intelligence will impact employment opportunities. What‚Äôs important to understand is there are some circumstances where AI will actually boost your business and the work you‚Äôre doing. bit.ly/3IOTjw0 #AI",0,0,0,,['AI']
1644371957444648961,0.07,0.766,0.164,0.4939,2023-04-07 16:10:00+00:00,New #BMS tools incorporating #AI and natural language processing software like #ChatGPT are coming to commercial building management. Nantum OS from @prescriptivedat is a solution that can analyze a lot of data and tell you where your building hurts. propmodo.com/what-if-your-b‚Ä¶,0,0,1,,"['BMS', 'AI', 'ChatGPT']"
1644371942776926208,0.094,0.746,0.16,0.6256,2023-04-07 16:09:56+00:00,So many crazy things going on atm- feels so tense with #AI getting smarter and more tech dudes doing amazing things with it. We live in the age of discovery and any day something could happen that disrupts and shakes the whole world. Time to make friends and solidify bonds imo,0,0,0,,['AI']
1644371933645946880,0.0,0.848,0.152,0.3612,2023-04-07 16:09:54+00:00,Annual corporate investment in AI is 13 times greater than a decade ago  #AI #DALLE  qz.com/annual-corpora‚Ä¶,0,0,0,,"['AI', 'DALLE']"
1644371927677403149,0.0,0.787,0.213,0.7639,2023-04-07 16:09:53+00:00,Just reached 3k organic clicks from Google in the last 28 days for CheatGPT! üéâ Thanks for the support and keep using this AI to ace your exams! #CheatGPT #AI #milestone https://t.co/qDYG6vLpCy,0,0,0,,"['CheatGPT', 'AI', 'milestone']"
1644371912808714240,0.0,0.872,0.128,0.296,2023-04-07 16:09:49+00:00,Creating Ultra-Realistic Photos with Midjourney AI: A Step-by-Step Guide... youtu.be/yCastpuSxbk via @YouTube #AIArtwork #ai #AI #midjourney #midjourneyv5,0,0,0,,"['AIArtwork', 'ai', 'AI', 'midjourney', 'midjourneyv5']"
1644371902809669633,0.0,0.867,0.133,0.4588,2023-04-07 16:09:47+00:00,Useful thread on why WebGPU (a @w3c standard I found out about today) being incorporated into browsers matters (esp. given the increasing need for matrix multiplication).   #web #tech #AI,1,1,0,,"['web', 'tech', 'AI']"
1644371868835536897,0.0,0.905,0.095,0.296,2023-04-07 16:09:39+00:00,Join Herbert Ong and a group of AI influencers in the Tesla Bot Summit - #AI and #Robotics.    Listen live at twitter.com/i/spaces/1ynJO‚Ä¶  #ArtificialIntelligence #Tesla,0,0,0,,"['AI', 'Robotics', 'ArtificialIntelligence', 'Tesla']"
1644371843606884356,0.0,0.833,0.167,0.7351,2023-04-07 16:09:33+00:00,"Many Contact Centers have seen a boost in customer experience and scale after implementing the technology into their service operations.   With all the benefits of conversation AI offers\, it's worth considering adding it to your contact center.  #ai #customerexperience #aidesign",0,0,0,,"['ai', 'customerexperience', 'aidesign']"
1644371838133493762,0.0,0.917,0.083,0.4588,2023-04-07 16:09:31+00:00,"Just rewatched one of my favorite sessions from Acceleration Economy's #CIO Summit\, where @lochhead raised a thought-provoking point: The big difference between Google and #chatgpt  ""While Google is a search engine\, ChatGPT is an a‚Ä¶lnkd.in/g7zshfVT aenow.co/ufDUf",1,0,1,,"['CIO', 'chatgpt']"
1644371769526976522,0.0,1.0,0.0,0.0,2023-04-07 16:09:15+00:00,@Aprimo Adds @OpenAI's #ChatGPT to #Content Operations Platform destinationcrm.com/Articles/ReadA‚Ä¶ #CRM #DAM #digital #mktg #marketing #martech,0,0,0,,"['ChatGPT', 'Content', 'CRM', 'DAM', 'digital', 'mktg', 'marketing', 'martech']"
1644371766750371842,0.0,0.679,0.321,0.9445,2023-04-07 16:09:14+00:00,"‚Äú@UTSA is honored to host the 10th¬†annual NICE Conference Series\, bringing researchers from various disciplines across the globe together to facilitate and inspire conversations that will advance the scientific excellence in #AI\,"" said @PresidentEighmy.   utsa.edu/today/2023/04/‚Ä¶",0,0,0,,['AI']
1644371721913262093,0.0,0.905,0.095,0.4696,2023-04-07 16:09:04+00:00,"#Video: What is #DataEnrichment? And how will it help your sales team close deals faster? üìπ üí∑ üìä üÜò üë• üí® - rite.link/j5pf üëàüèº See the ad\, select the #CompanyLogoAPI that does what  #chatGPT cannot do https://t.co/zKkCFQLHEp",0,0,0,,"['Video', 'DataEnrichment', 'CompanyLogoAPI', 'chatGPT']"
1644371704548917248,0.0,0.891,0.109,0.4215,2023-04-07 16:08:59+00:00,Explore the potential of ChatGPT and HR technology in improving the employee experience in the latest Dovetail Monthly News Roundup. #HR #ChatGPT #GPT4 bit.ly/3K4LMd6,0,0,1,,"['HR', 'ChatGPT', 'GPT4']"
1644371697687056384,0.0,1.0,0.0,0.0,2023-04-07 16:08:58+00:00,Why #Samsung Is #Betting on #AI for #Smartphone #Innovation | #Tech #News Briefing  #technology  technology-in-business.net/why-samsung-is‚Ä¶,0,0,0,,"['Samsung', 'Betting', 'AI', 'Smartphone', 'Innovation', 'Tech', 'News', 'technology']"
1644371692062400512,0.085,0.726,0.189,0.5106,2023-04-07 16:08:56+00:00,3 Top Artificial Intelligence Stocks to Buy in April finance.yahoo.com/m/5122b747-f72‚Ä¶ via @YahooFinance #ChatGPT    BUY SOME MU buy a quality company during a bad qtr. always works and presents a good entry point.   52 -  55 #ChatGPT #AI #stonks @MicronTech,0,0,0,,"['ChatGPT', 'ChatGPT', 'AI', 'stonks']"
1644371675050397696,0.198,0.579,0.223,0.0772,2023-04-07 16:08:52+00:00,AI is getting crazy smart üòÇüëÄ  #ChatGPT #ai https://t.co/SjQKFpo67x,0,0,0,,"['ChatGPT', 'ai']"
1644371662593306627,0.075,0.87,0.056,-0.2003,2023-04-07 16:08:49+00:00,"Amidst all the price worries surrounding the new @bubble pricing plans\, I took a break and built a micro assesment app with @OpenAI plugin. Curious about the workload? Check out the thread below for all the details! üòÑüëá#buildinpublic #NoCode #AI https://t.co/C6lJVV5HTb",0,0,1,,"['buildinpublic', 'NoCode', 'AI']"
1644371634466467840,0.0,0.767,0.233,0.8519,2023-04-07 16:08:43+00:00,"Feel free to join the talk at 9:40 am PT: ""Automatic Subnetwork Search  Through Dynamic Differentiable Neuron Pruning"" üéôÔ∏è Discover how the  sensitivity nature of Lagrangian multipliers can be leveraged for  subnetwork search üîç Join here: us02web.zoom.us/j/84080959467?‚Ä¶ #AI‚Ä¶ https://t.co/g1p7Q7H8yn",0,0,0,,['AI']
1644371609510109186,0.0,0.867,0.133,0.6553,2023-04-07 16:08:37+00:00,Elseworlds* :  What if the hype around #Metaverse had landed well in form of a good product?  How much developer ecosystem mindshare would it have kept away from the #AI hype?  ---  * if you know your DC Comics stuff,0,0,0,,"['Metaverse', 'AI']"
1644371552903876610,0.0,1.0,0.0,0.0,2023-04-07 16:08:23+00:00,"A portrait of an astronot in 1935\, highly detailed\, digital painting\, smooth\, cinematic\, vfxüöÄüíï   #artaistapp #artaistai #ai #dream #wonder #artificialintelligence #aiart #art #generator #technology #style #image #photo #astronot #digital #painting #cinematic #vfx #ParisRoubaix https://t.co/dl39Ipe2kx",0,0,0,,"['artaistapp', 'artaistai', 'ai', 'dream', 'wonder', 'artificialintelligence', 'aiart', 'art', 'generator', 'technology', 'style', 'image', 'photo', 'astronot', 'digital', 'painting', 'cinematic', 'vfx', 'ParisRoubaix']"
1644371503339675653,0.158,0.842,0.0,-0.4939,2023-04-07 16:08:11+00:00,In Mad mood..empty streets.. #AI #arte #AIart #artwork #ai #AIArtwork #art #digitalart #aiart #aiartcommunity #artificialintelligence #aigenerated #aicreation https://t.co/vzlVNeJRME,1,0,0,,"['AI', 'arte', 'AIart', 'artwork', 'ai', 'AIArtwork', 'art', 'digitalart', 'aiart', 'aiartcommunity', 'artificialintelligence', 'aigenerated', 'aicreation']"
1644371485140680705,0.119,0.808,0.074,-0.2263,2023-04-07 16:08:07+00:00,"For any lost coins \, wallet \, pass phrase or Any Problem contact me now #Artificial Intelligence #AI #ML #Bitcoin #Data Scientists #CodeNewbies #Tech #deeplearning #BNB #Python #Coding #TrustWallet #Blockchain #NFTS # 100DaysOfCode #programming # Linux #Binance # trc20 https://t.co/jecOtOYlXk",3,0,0,,"['Artificial', 'AI', 'ML', 'Bitcoin', 'Data', 'CodeNewbies', 'Tech', 'deeplearning', 'BNB', 'Python', 'Coding', 'TrustWallet', 'Blockchain', 'NFTS', 'programming', 'Binance']"
1644371484356272132,0.0,1.0,0.0,0.0,2023-04-07 16:08:07+00:00,A.I Art Work 15326 000001.1367625183 #aiart #art #aai #digitalart #artificialintelligence #machinelearning #aiartcommunity #aiartists #neuralnetworks #ganart #neuralnetworkart #modernart #stylegan #abstract #artist #nftart #scifi #aiartcommunity #midjourney #ai #abstractart https://t.co/KtSl89LFWV,2,1,1,,"['aiart', 'art', 'aai', 'digitalart', 'artificialintelligence', 'machinelearning', 'aiartcommunity', 'aiartists', 'neuralnetworks', 'ganart', 'neuralnetworkart', 'modernart', 'stylegan', 'abstract', 'artist', 'nftart', 'scifi', 'aiartcommunity', 'midjourney', 'ai', 'abstractart']"
1644371464299085827,0.0,0.759,0.241,0.7644,2023-04-07 16:08:02+00:00,"Looking for a tool to create professional design assets for your business? Check out Brandmark! With this tool\, you can easily create logos\, business cards\, letterheads\, and more. #Brandmark #chatgpt #gpt4 #aitools",0,0,1,,"['Brandmark', 'chatgpt', 'gpt4', 'aitools']"
1644371434008092673,0.057,0.832,0.112,0.3612,2023-04-07 16:07:55+00:00,"@chrislhayes #chatgpt says\, ""the book argues the market economy must be subordinated to broader social and political goals\, and that the pursuit of economic growth must be balanced against the need for social and environmental sustainability."" Correct? Sounds like simple regulation.",0,0,0,1.6440714601665946e+18,['chatgpt']
1644371400378167297,0.0,0.766,0.234,0.8442,2023-04-07 16:07:47+00:00,The dawning of  a new religion: Faith of the Fungi  A bespoke religion for #trans folks created by #AI  Core beliefs:  The creator is genderless and infinite.  Trans are special expressions of the creator‚Äôs creativity and diversity.  1/5 https://t.co/jToIavGVUT,1,0,1,,"['trans', 'AI']"
1644371372766797825,0.0,1.0,0.0,0.0,2023-04-07 16:07:40+00:00,Bought $ONT at price 0.2955 $USDT using #AI #CryptoSignals #InversoSignals #CryptoTwitter #MachineLearning #cryptotrading #ArtificialIntelligence #fintech,0,3,0,,"['AI', 'CryptoSignals', 'InversoSignals', 'CryptoTwitter', 'MachineLearning', 'cryptotrading', 'ArtificialIntelligence', 'fintech']"
1644371351950458881,0.145,0.855,0.0,-0.6597,2023-04-07 16:07:35+00:00,"How to activate the 'Devil mode' of ChatGPT from the mobile and what differences it has with the ""normal""   #Ô∏è‚É£ #ChatGPT #ArtificialIntelligence #Technology #Mobile   via @gearrice_com   gearrice.com/update/how-to-‚Ä¶",0,0,1,,"['ChatGPT', 'ArtificialIntelligence', 'Technology', 'Mobile']"
1644371336012201987,0.0,1.0,0.0,0.0,2023-04-07 16:07:32+00:00,"#Crypto #Trading #AI signal #BTC #Altcoin  #FTMUSDT is near extremum - 0.64%  Ext price: 0.4685 | Price now: 0.4655  Fuel until: 0.489  Correlation: 0.344  Density: April 7\, 2023 at 07:06PM",0,1,2,,"['Crypto', 'Trading', 'AI', 'BTC', 'Altcoin', 'FTMUSDT']"
1644371330840805379,0.036,0.903,0.061,0.2544,2023-04-07 16:07:30+00:00,@trafficchd Not sure if the cameras at traffic junction of 45-46-49-50 works but there are long queue at junction. #AI should be used to sense flow of traffic if some artificial bottle neck is created due to road closures.,0,1,0,,['AI']
1644371317725036546,0.0,0.682,0.318,0.6369,2023-04-07 16:07:27+00:00,Starting to fall in love with Midjourney... #midjourney #ai https://t.co/GZ8iYRY9VY,2,0,0,,"['midjourney', 'ai']"
1644371313039929346,0.0,0.872,0.128,0.4215,2023-04-07 16:07:26+00:00,"Real-time data\, real-world data\, and #AI hold transformative potential for accelerating medical research and improving patient outcomes. #healthcare #datamanagement venturebeat.com/data-infrastru‚Ä¶",3,1,0,,"['AI', 'healthcare', 'datamanagement']"
1644371298070528000,0.0,0.818,0.182,0.7901,2023-04-07 16:07:23+00:00,"Curious about #AI\, #data science\, #ChatGPT\, and where to draw the line?  üì¢ Join us for ‚ÄúMachine vs. Humans: A Fireside Chat on Conversational AI‚Äù  üïê Thursday\, April 13\, 11 a.m. EDT  ü™ë Save your seat: events.dzone.com/dzone/Machine-‚Ä¶ See the thread for panelists! https://t.co/AtP1Zw5kaS",1,1,1,,"['AI', 'data', 'ChatGPT']"
1644371295881101312,0.086,0.914,0.0,-0.5106,2023-04-07 16:07:22+00:00,"As our privacy and identity information is continued to be used and possibly abused by these new AI technologies\, will there be a need to legislate and enforce these protections?   hubs.li/Q01KH9fR0  #privacy #ai #identity #aitechnologies #chatgpt #digitalidentity",0,1,1,,"['privacy', 'ai', 'identity', 'aitechnologies', 'chatgpt', 'digitalidentity']"
1644371275337572352,0.0,1.0,0.0,0.0,2023-04-07 16:07:17+00:00,Hey #NFT degen and collectorsüëã  üõë Here is my consecutive 72 days of writing #5minutes readüìä of what going on in last 24 hour üõë  ‚úÖ NFT and crypto market statistics ‚úÖ Hottest NFT analysis ‚úÖ Highlights of NFT News for #alpha  üßµ 1/9  #AI #Image #Openart https://t.co/G2EMptyD47,5,1,1,,"['NFT', '5minutes', 'alpha', 'AI', 'Image', 'Openart']"
1644371245838811137,0.0,0.906,0.094,0.3612,2023-04-07 16:07:10+00:00,Innovating Beyond Imagination üôÑ Emerging Technology Changing the Game‚ùóÔ∏è Never-Seen-BeforeüëÄ Get Ready for the Next BigüöÄ üëáüëáüëá youtu.be/yLfQEYzQMyU  #ONPASSIVE #TheFutureOfInternet #Business #Totaldigitalsolution #AI #ArtificialIntelligence #Technolog... https://t.co/PfOCEIgIAE,0,1,0,,"['ONPASSIVE', 'TheFutureOfInternet', 'Business', 'Totaldigitalsolution', 'AI', 'ArtificialIntelligence', 'Technolog']"
1644371244987346945,0.0,0.791,0.209,0.7835,2023-04-07 16:07:10+00:00,What about creating your own digital products this weekend with A.I and starting selling them asap? Here‚Äôs how!! #digitalproducts #ai #artificialintelligence #gpt4 Great post by @simplydigital.gr üí™üôè https://t.co/HtRrpSEHIN,1,0,0,,"['digitalproducts', 'ai', 'artificialintelligence', 'gpt4']"
1644371232710889473,0.0,1.0,0.0,0.0,2023-04-07 16:07:07+00:00,Expedia launches ChatGPT-powered travel planning tool - CBS News dlvr.it/Sm85Y3 #chatgpt #AI #openAI,0,1,0,,"['chatgpt', 'AI', 'openAI']"
1644371228226990083,0.0,0.935,0.065,0.2225,2023-04-07 16:07:06+00:00,"ü§ñüìñ If you want to know how my 8-year old Daughter made money with A.i. - with ZERO upfront costs\, Check this üßµout!! #Ai #printingmoney #childrensbooks #Entrepreneur #solopreneur  twitter.com/MrBudJohnson/s‚Ä¶",1,0,0,1.644370535999062e+18,"['Ai', 'printingmoney', 'childrensbooks', 'Entrepreneur', 'solopreneur']"
1644371227333758977,0.0,1.0,0.0,0.0,2023-04-07 16:07:06+00:00,University of Washington professors on using ChatGPT in the classroom - GeekWire dlvr.it/Sm85Xt #chatgpt #AI #openAI,0,1,0,,"['chatgpt', 'AI', 'openAI']"
1644371221499514880,0.0,0.87,0.13,0.4019,2023-04-07 16:07:04+00:00,Expedia's new ChatGPT integration uses AI to help you plan your next vacation - Android Police dlvr.it/Sm85XY #chatgpt #AI #openAI,1,0,0,,"['chatgpt', 'AI', 'openAI']"
1644371216038526976,0.269,0.731,0.0,-0.7096,2023-04-07 16:07:03+00:00,ChatGPT falsely accuses law prof of sexual harassment; is libel suit possible? - ABA Journal dlvr.it/Sm85X7 #chatgpt #AI #openAI,0,1,0,,"['chatgpt', 'AI', 'openAI']"
1644371210816438272,0.0,1.0,0.0,0.0,2023-04-07 16:07:02+00:00,#AI Video Generators Are Nearing a Crucial Tipping Point wired.com/story/ai-video‚Ä¶ https://t.co/kkLEi0j06G,1,0,0,,['AI']
1644371202729824257,0.0,0.922,0.078,0.296,2023-04-07 16:07:00+00:00,Creating Your Own Superheroes  Nebula - a superhero who can control and manipulate the stars and galaxies in the universe  promptbase.com/prompt/creatin‚Ä¶  #stablediffusion #AIart #promptengineering #ai #illustrationart #superheroes #superhero https://t.co/q5oX1ofovq,1,0,0,,"['stablediffusion', 'AIart', 'promptengineering', 'ai', 'illustrationart', 'superheroes', 'superhero']"
1644371153106944002,0.0,0.628,0.372,0.9485,2023-04-07 16:06:48+00:00,#AI and #datascience AGILITY and the ability to PIVOT in these fast paced times are keys to Enterprise success.   Great message on the value of VELOCITY and ADAPTABILITY from 2 great Dataiku  leaders... lnkd.in/eag58-AH,1,1,0,,"['AI', 'datascience']"
1644371116276830209,0.0,0.894,0.106,0.4939,2023-04-07 16:06:39+00:00,"#digitalart Messing around with #AI via #Midjourney... Some fashionable yet imaginary Adidas sneakers\, inspired by the colors and design of the Marienplatz metro station in Munich\, Germany. https://t.co/oGN13xG3eX",0,1,1,,"['digitalart', 'AI', 'Midjourney']"
1644371087948492800,0.0,1.0,0.0,0.0,2023-04-07 16:06:32+00:00,Generated with #2DAI #NFT #AI #AIART! ü§ñ t.2dai.io/tweet/adf868aa‚Ä¶ $2DAI #aiartcommunity #AIArtwork  #eth #100xGems #GEM @2DAICommunity #memefactory,2,1,0,,"['2DAI', 'NFT', 'AI', 'AIART', 'aiartcommunity', 'AIArtwork', 'eth', '100xGems', 'GEM', 'memefactory']"
1644371085876502531,0.0,1.0,0.0,0.0,2023-04-07 16:06:32+00:00,"People working in #ArtificialIntelligence these days have been sparked by the #ChatGPT moment\, which has caused #career changes\, projects to be abandoned\, and tons of people trying to start new companies.  bit.ly/40R3Crt https://t.co/bIkq2vRfIx",0,0,1,,"['ArtificialIntelligence', 'ChatGPT', 'career']"
1644371077802467332,0.0,0.885,0.115,0.3818,2023-04-07 16:06:30+00:00,Benefits of Practice Management Software emrfinder.com/blog/benefits-‚Ä¶ #EMRFinder #SimplifyingSelection #healthcare #healthcareIT #outsource #outsourcing #AI #medicalbilling #healthcare #medicalcoding #doctors #revenuecyclemanagement #medical #management #software,0,1,0,,"['EMRFinder', 'SimplifyingSelection', 'healthcare', 'healthcareIT', 'outsource', 'outsourcing', 'AI', 'medicalbilling', 'healthcare', 'medicalcoding', 'doctors', 'revenuecyclemanagement', 'medical', 'management', 'software']"
1644371068361101313,0.0,1.0,0.0,0.0,2023-04-07 16:06:28+00:00,@kingjaja60 #AI is just a subordinate sir not a substitute to #metaverse.,1,0,0,1.644046555476013e+18,"['AI', 'metaverse']"
1644371045116256260,0.351,0.589,0.06,-0.8853,2023-04-07 16:06:22+00:00,#AI  my ass ~ Can't discern between lies and facts ~ problem with information and facts ~  It's certianly artificial and not intelligent ~ more like garbage in garbage out ~ Deep problems  dailymail.co.uk/sciencetech/ar‚Ä¶,0,1,0,,['AI']
1644371012853587969,0.222,0.617,0.16,-0.25,2023-04-07 16:06:15+00:00,"""#OpenAI to Offer Remedies to Resolve Italy‚Äôs #ChatGPT Ban"" securityweek.com/openai-to-offe‚Ä¶ #privacy #AI",1,0,0,,"['OpenAI', 'ChatGPT', 'privacy', 'AI']"
1644370970629619712,0.113,0.887,0.0,-0.1027,2023-04-07 16:06:04+00:00,AI and Art: Closing the Diversity Gap or Perpetuating Bias? #AI sbee.link/jbwkcmqg86,0,1,0,,['AI']
1644370962056613889,0.122,0.773,0.105,-0.1531,2023-04-07 16:06:02+00:00,If you want to understand the role of #AI in critical #IoT‚Äîand why it depends in part on the low latency and high capacity of #5G‚ÄîI recommend this #5GHQ article: t-mo.co/3zIfTCo https://t.co/SN4l1jOhaU,1,0,0,,"['AI', 'IoT', '5G', '5GHQ']"
1644370956742193153,0.16,0.84,0.0,-0.7096,2023-04-07 16:06:01+00:00,Oops: Samsung Employees Leaked Confidential Data to ChatGPT   Employees submitted source code and internal meetings to ChatGPT just weeks after the company lifted a ban on using the chatbot.  buff.ly/3KBEMpN  #ChatGPT #GenAI #GenerativeAI https://t.co/kYVimoQApQ,0,0,0,,"['ChatGPT', 'GenAI', 'GenerativeAI']"
1644370953588158466,0.0,0.685,0.315,0.7543,2023-04-07 16:06:00+00:00,Learn how to activate #ChatGPT with #Siri &amp; save response with this helpful blog post: buff.ly/3wjVjqp,0,0,0,,"['ChatGPT', 'Siri']"
1644370941596532736,0.0,0.526,0.474,0.5423,2023-04-07 16:05:58+00:00,GM üåû Please join us #PostPhotography #AI twitter.com/i/spaces/1DXxy‚Ä¶,3,2,1,,"['PostPhotography', 'AI']"
1644370938970898435,0.0,1.0,0.0,0.0,2023-04-07 16:05:57+00:00,"So\, had the epiphany.  #ChatGPT isn‚Äôt for writing essays/papers; it‚Äôs for writing *code*.  So\, who is using ChatGPT in their [science] workflow?",0,0,1,,['ChatGPT']
1644370901561925635,0.0,0.915,0.085,0.3818,2023-04-07 16:05:48+00:00,"@danfiehn @TDataScience @sonu_monika @bimedotcom @EvaSmartAI @chidambara09 @sallyeaves @JagersbergKnut @BetaMoroney @Nicochan33 üëçThanks for the inclusion\, dear @danfiehn   #AI #MachineLearning #Python #DataScience #CloudComputing #TensorFlow #flutter #fintech #Cloud #Robotics #BigData #programming #100DaysOfCode",2,2,0,1.6443697600149873e+18,"['AI', 'MachineLearning', 'Python', 'DataScience', 'CloudComputing', 'TensorFlow', 'flutter', 'fintech', 'Cloud', 'Robotics', 'BigData', 'programming', '100DaysOfCode']"
1644370899536318464,0.066,0.866,0.069,0.0258,2023-04-07 16:05:48+00:00,Please stop using text-davinci-003 in every single example or manual - that just forces inexperienced people to burn 10X more tokens doing nothing. @OpenAI #ChatGPT  Let them burn it using GPT-4 instead.,0,0,0,,['ChatGPT']
1644370893295038465,0.0,0.765,0.235,0.836,2023-04-07 16:05:46+00:00,"üéÅ NEW Big #fcfs #Airdrop @META_STARx üéâüéâ    ‚úÖ Follow @META_STARx  ‚úÖ Like &amp; RT &amp; Tag 3 friends ‚úÖ Free 400\,000 $ZDX Tokens PRICE POOL ‚§µ  gleam.io/competitions/Z‚Ä¶  #Airdrop #META_STARx #Arbitrum #FCFS #Giveaway #NFT #NFTGiveaway #IDO #AI #Crypto #BSC",1,1,1,,"['fcfs', 'Airdrop', 'Airdrop', 'META_STARx', 'Arbitrum', 'FCFS', 'Giveaway', 'NFT', 'NFTGiveaway', 'IDO', 'AI', 'Crypto', 'BSC']"
1644370842212610055,0.0,0.867,0.133,0.6289,2023-04-07 16:05:34+00:00,KNOWING THESE 7 FACTS WILL MAKE YOU INFINITELY HAPPIER medium.com/@nafseini/know‚Ä¶ #AI #MachineLearning #DataScience #ArtificialIntelligence  Trending AI/ML Article Identified &amp; Digested via Granola; a Machine-Driven RSS Bot by Ramsey Elbasheer https://t.co/dE8CVacQpG,1,1,0,,"['AI', 'MachineLearning', 'DataScience', 'ArtificialIntelligence']"
1644370823568826368,0.0,1.0,0.0,0.0,2023-04-07 16:05:29+00:00,Twitter twitter.com/MLRepositories‚Ä¶ spacy-transformers use spaCy NLP with transformers. GitHub github.com/explosion/spac‚Ä¶ Newsletter morrislee1234.wixsite.com/website/contact More story morrislee1234.wixsite.com/website LinkedIn linkedin.com/in/morris-lee-‚Ä¶ #AINewsClips #AI #ML #ArtificialIntelligence #MachineLearning https://t.co/HCb3nUvhEG,1,0,0,,"['AINewsClips', 'AI', 'ML', 'ArtificialIntelligence', 'MachineLearning']"
1644370751875694595,0.0,1.0,0.0,0.0,2023-04-07 16:05:12+00:00,"Did you see the March/April edition of Insulation Outlook magazine? In this issue\, you can read forecasts and insights from NIA leaders\, strategic industry segments\, and even ChatGPT! Articles are now online ow.ly/6H7o50N7Mxw #Insulation #Trends #AI https://t.co/Yc9yyxhh00",0,1,0,,"['Insulation', 'Trends', 'AI']"
1644370742048350208,0.1,0.9,0.0,-0.4767,2023-04-07 16:05:10+00:00,Greta to chat with @waynedenner as always. On this episode we chat about #AI getting it a bit wrong and what that means for us moving forwards.   #techchat #technology #automation,2,1,0,,"['AI', 'techchat', 'technology', 'automation']"
1644370721739603969,0.0,0.709,0.291,0.802,2023-04-07 16:05:05+00:00,ETFs focused on the burgeoning artificial intelligence industry saw their prices boosted following Nvidia‚Äôs announcement of a new AI-powered cloud service. #AI $SMH https://t.co/e0u8trw3Hc,0,1,0,,['AI']
